{
    "InputFeatureNum" : 1,
    "InputWidth" : 224,
    "InputHeight" : 224,
    "OutFeatureNum" : 1,
    "OutFeatureWidth" : 1,
    "OutFeatureHeight" : 1,
    "OutFeatureChannel" : 7,
    
    "ncnn" : {
        "InputFeatureIndex" : 0,
        "OutFeatureIndex" : 228,
        "InputFeatureName" : "data",
        "OutFeatureName" : "prob_cls",
        "WeightPath" : "ObjectDetector.bin",
        "ParamPath" : "ObjectDetector.weight",
        "Means" : [104.008, 116.669, 122.675],
        "Norms" : [1.0, 1.0, 1.0],
        "Format": "BGR"
    },
    
    "coreml" : {
          "bEncrypted" : 0,
          "MlmodelcPath" : "ObjectDetector.mlmodelc",
          "InputFeatureName" : "data",
          "OutFeatureName" : "prob_cls"
    }
}





